PC1,PC2,Sample_Type,Cluster
-16.779892253902975,-40.285285194222666,Tumor,0
-59.64292615695132,5.175689001736494,Tumor,1
-62.73223212763436,6.826141930539082,Tumor,1
-29.225961183550822,11.928456173461681,Tumor,1
-11.22411186316764,10.683943266457492,Tumor,1
-24.064365277484555,22.86257544927678,Tumor,1
-38.46462370503323,30.103685868739486,Tumor,1
-85.90151418389651,-52.95567215021963,Tumor,1
41.80037463343008,22.7134491974921,Tumor,0
35.545062015190425,-10.251218120619482,Tumor,0
17.552358094664466,-16.062689120778415,Tumor,0
-18.104210058430905,1.8528290893722952,Tumor,1
-13.389491518236637,-19.829774672416317,Tumor,0
37.436288322991594,3.9655611872945538,Tumor,0
9.770851319720899,3.414447612027369,Tumor,0
16.419598216312362,-13.392873074496723,Tumor,0
3.60621200883133,-6.64011528327602,Tumor,0
3.114402481786989,-12.187701189057925,Tumor,0
4.508776015991371,-20.749511275073697,Tumor,0
0.9472594783160013,-25.518497051123262,Tumor,0
-24.38054512202532,35.05618032834333,Tumor,1
-1.4426770377589824,-43.97002562059206,Tumor,0
0.22313177523159508,-14.096092860008312,Tumor,0
-70.6325603046225,58.627147072242266,Tumor,1
-27.851990372630954,47.94090262404251,Tumor,1
-11.203235296419255,-59.73032677367612,Tumor,0
-18.455339314307736,26.339718553273055,Tumor,1
-88.56747592915181,28.685025253066648,Tumor,1
-16.526482095181365,-19.314246182321746,Tumor,1
-38.381607951262374,13.956516726427186,Tumor,1
-38.459986025514624,-14.527738006197463,Tumor,1
-18.554056388894,-7.070120583020055,Tumor,1
-39.91530433029552,22.596549290063578,Tumor,1
23.748535126386898,31.594525813716643,Tumor,0
-16.39477889154893,26.198457319851375,Tumor,1
-0.6082439948292231,55.55290676364462,Tumor,1
-28.63997821729155,26.21133494648616,Tumor,1
-48.05179307944322,-27.929139375224533,Tumor,1
-102.44817790746559,84.64822912939033,Tumor,1
-32.249996995920476,-29.410444012006554,Tumor,1
-3.663923847356261,-54.95185940266728,Tumor,0
9.05562883314072,-28.518041173195762,Tumor,0
6.474464820818966,14.632391030205904,Tumor,0
-39.078863723610695,-45.91449166564275,Tumor,1
-17.723074168369685,-12.180769488283756,Tumor,1
-81.76641732188288,7.775111099376774,Tumor,1
2.3046144381653915,43.24445413495491,Tumor,0
-80.62386853510374,26.333386511001795,Tumor,1
-52.539439289795524,-20.41970237133448,Tumor,1
-37.03845930949005,35.74479618402385,Tumor,1
10.046855307998607,-50.30232274523035,Tumor,0
-28.039779800871933,-54.677656225151544,Tumor,1
21.583202362100778,-36.77411317242975,Tumor,0
25.225868282825733,26.01794527684541,Tumor,0
22.653363026633922,3.514121052548547,Tumor,0
-5.049593094977926,80.9686002586823,Tumor,1
-25.84394367288635,4.488863671710687,Tumor,1
32.87892408151267,-60.37544163627647,Tumor,0
61.92726066879179,23.941689972688515,Tumor,0
23.212999969634936,-70.51495217459511,Tumor,0
6.941779806297411,-45.36397637018712,Tumor,0
14.225205670054024,-24.22748103013936,Tumor,0
56.10566846429316,25.073457186887506,Tumor,0
10.309449016338295,-3.6894267034070065,Tumor,0
-7.095091853730816,-12.37863539997368,Tumor,0
4.489884207209693,59.346323248392565,Tumor,0
6.262223590274919,-19.06893822561347,Tumor,0
-50.126744159285366,-7.595698552300795,Tumor,1
-28.177548448897067,-2.82868414146756,Tumor,1
21.34976769976908,49.026229748235195,Tumor,0
11.268918716396112,3.8025994083014862,Tumor,0
-42.66552128026196,18.363070337809123,Tumor,1
-30.20479931402333,31.054836894089945,Tumor,1
-65.1769853170274,31.998001613118042,Tumor,1
6.557757461807213,-34.3563061984467,Tumor,0
2.3086868185629346,5.929883795794835,Tumor,0
-8.520325691141887,-10.70054011635593,Tumor,0
55.356561925587364,9.48450216948223,Tumor,0
21.45782322917104,1.269545165826987,Tumor,0
20.648750708345087,-38.96481975333848,Tumor,0
37.369844697420525,9.331542369525453,Tumor,0
-13.780761645864892,14.810994317820247,Tumor,1
45.45653764823746,-57.636175501934204,Tumor,0
15.686037030036436,-55.11174514549673,Tumor,0
1.9754855611207485,-24.432243084926352,Tumor,0
52.504370249853324,-5.634821056337245,Tumor,0
-13.057913444946559,0.4867250226295135,Tumor,1
63.76356782261559,41.262045516090396,Tumor,0
49.62110878404515,9.719128749620518,Tumor,0
-0.076199333445502,23.08307914889989,Tumor,0
3.147041396412868,-54.0288241224513,Tumor,0
79.77319244238899,-50.959865306019026,Tumor,0
54.16013805456781,-61.38976423789253,Tumor,0
-1.311957633083129,-34.206537874264484,Tumor,0
38.20822007422708,-3.906249980281151,Tumor,0
57.27134729050629,-14.043732873846414,Tumor,0
45.76816006144349,14.242977543572046,Tumor,0
34.163003684600696,-57.25979474276114,Tumor,0
60.155023680171475,33.390857259692645,Tumor,0
44.30297099714153,-6.0705070156063785,Tumor,0
48.948229869118656,33.75173207935783,Tumor,0
33.70822746481385,-58.22749976926784,Tumor,0
55.59142907657811,-41.86686249116122,Tumor,0
-27.61093510309841,4.316171940211407,Tumor,1
19.340809156024868,-53.532958864248286,Tumor,0
54.15292586357016,53.94800216849036,Tumor,0
18.711905248298944,16.480114464043623,Tumor,0
17.611330101212573,-15.327655756921994,Tumor,0
-62.720248576005886,55.699010314143145,Tumor,1
-64.00601008169217,41.33826796320804,Tumor,1
-140.45863964028445,26.229373715083405,Tumor,1
-161.20571140343222,18.365471447436725,Tumor,1
-112.93155142880624,79.40917864612577,Tumor,1
-71.61011567822635,46.208310745224665,Tumor,1
-36.95075555607467,75.79660607476806,Tumor,1
-48.50033097865154,23.892925053059397,Tumor,1
-106.2625953148364,48.78231802238999,Tumor,1
-2.869719559437669,10.147081313080692,Tumor,0
24.167477456929852,56.95963510152166,Tumor,0
19.379115908949746,51.459995118332316,Tumor,0
-4.985590461668681,-39.996806436104606,Tumor,0
-53.71677312969323,81.37166999243578,Tumor,1
-11.14755088974357,-0.5261986701191999,Tumor,0
-49.97973850387796,-17.20400296154563,Tumor,1
16.45423130257662,-56.24194060413592,Tumor,0
-10.911454297564429,17.442465833175447,Tumor,1
12.105552824600442,60.198943101201486,Normal,0
56.9768023698655,7.160528673341415,Tumor,0
27.677624986614433,-47.29509413528139,Tumor,0
13.0704910106231,81.33555701981065,Normal,0
-36.0878316099679,-48.969042013669174,Tumor,1
22.996286564753543,-26.762096969456678,Tumor,0
81.34849218760533,83.85189401305723,Normal,0
-6.895207860921635,35.50186769703332,Tumor,1
9.844198887605287,-10.465459779942512,Tumor,0
69.74212606916346,83.49547203326871,Normal,0
-4.63605451706355,-89.05822916362838,Tumor,0
73.73907761725478,45.84131776884964,Normal,0
-32.3219897778197,26.63178077460927,Tumor,1
-22.892310011066854,10.539415422615415,Tumor,1
82.40882013936782,72.32400125675754,Normal,0
-14.189866992835213,-44.050597174951896,Tumor,0
67.65290757441745,78.25449466883877,Normal,0
23.523644837023905,-58.73221970894954,Tumor,0
111.5163731600313,69.61629464314814,Normal,0
-6.4567133388761855,21.90132583170392,Tumor,1
77.45979351740115,-40.54849886992969,Tumor,0
62.19618010284888,10.645535092393441,Tumor,0
73.08107704259228,26.864495419830238,Tumor,0
47.37083784503016,-28.861755434440703,Tumor,0
34.792920093554336,17.709417955933187,Tumor,0
51.54224111233096,-47.344136154774255,Tumor,0
15.493726188014229,-20.441935957843516,Tumor,0
-23.527020008173018,17.53322978784066,Tumor,1
19.216702012116397,-55.31512891951846,Tumor,0
-8.607627811354291,-22.334572431276875,Tumor,0
13.551321456693469,15.200651750887063,Tumor,0
-54.66999788737632,-32.43977764649841,Tumor,1
-61.95709369014085,33.01118942370215,Tumor,1
-28.447710749564436,44.7023657039898,Tumor,1
-12.759356759142262,19.57145807756863,Tumor,1
-15.626406201797066,-10.488395782990963,Tumor,1
21.41540595447957,13.454125405621957,Tumor,0
-25.34028880682592,38.04003113950323,Tumor,1
-15.039128065747652,49.54337204336041,Tumor,1
-63.78044436769541,-41.10808500127505,Tumor,1
-178.7239978703581,47.93438722025754,Tumor,1
-68.59066526508317,40.72288281060743,Tumor,1
9.933897749161307,13.206116348969758,Tumor,0
-2.6017421148354614,26.845783747160024,Tumor,0
-27.08020909611125,53.06397671000223,Tumor,1
-120.24381610639327,55.62233478212316,Tumor,1
-16.00244195879145,-10.3098047967315,Tumor,1
-62.27668827232336,47.16561806984769,Tumor,1
7.35654245629552,-102.2356153721253,Tumor,0
-2.952303542991408,-36.788087816704014,Tumor,0
7.161186053571127,-8.95865344704123,Tumor,0
4.380050773912025,-80.13888710721486,Tumor,0
-21.248835672886745,0.03423476052540074,Tumor,1
1.6772723488560912,-56.091873198385436,Tumor,0
-12.69268587914957,-37.73701321079033,Tumor,0
-24.432317965975244,-34.73635586222321,Tumor,1
-4.7917570498977495,-52.044598204031,Tumor,0
-18.43201271176853,-82.11340592049058,Tumor,0
-2.7285203408891596,-23.93744584574191,Tumor,0
8.26886760166455,-37.30418680606437,Tumor,0
-36.53057936369121,-45.33030010527826,Tumor,1
21.656131684919117,-43.08346634359031,Tumor,0
45.005543737503004,-8.397305535667398,Tumor,0
33.55759114435824,9.026156216139352,Tumor,0
47.834730202908965,-40.43267414029376,Tumor,0
37.45834862316919,-12.25712690659672,Tumor,0
29.627106045500938,-27.42720522548722,Tumor,0
30.561320894615292,2.9926844106384687,Tumor,0
-4.868826751782684,-47.30721870378321,Tumor,0
-18.901419300498603,0.062242586967606296,Tumor,1
-0.9047156444070541,-59.4807720764335,Tumor,0
-24.03657662314605,-0.18390277978711214,Tumor,1
0.6800858835572764,-53.49434105046752,Tumor,0
4.357099119695364,41.3832208752422,Tumor,0
-7.1803788685623005,-40.53942778465823,Tumor,0
-57.11716907948575,-38.77777377153195,Tumor,1
8.344042247889368,-53.146982939787655,Tumor,0
0.6531066872793224,-38.67830041336016,Tumor,0
-7.63571811748947,-65.77496240975722,Tumor,0
-4.279352739594932,-42.457054305886864,Tumor,0
-3.2088614276553393,-55.134337482450206,Tumor,0
8.902088322148238,-34.21667330975281,Tumor,0
-28.150146970643608,-23.90987415310616,Tumor,1
-29.16685477929691,-42.118834580349095,Tumor,1
24.887419519334063,-58.28225192071839,Tumor,0
-16.613406185594776,-28.97660738935227,Tumor,0
-5.181052444938101,-37.28289362724661,Tumor,0
26.634110990179693,57.479295980453216,Tumor,0
25.445602171339484,-22.6579135116577,Tumor,0
-17.267438571207958,-35.71084998166202,Tumor,0
-15.636089412797928,-6.856036948427736,Tumor,1
38.27632128111061,-38.70967988044035,Tumor,0
-15.765286753286288,-18.89554967881259,Tumor,0
-1.102445520170476,28.4471098625754,Tumor,0
8.71723584632429,-55.51772928617375,Tumor,0
20.341309642185838,-34.87823174706149,Tumor,0
-18.4646803958531,26.79617886805105,Tumor,1
40.35654847406625,-4.119056631849694,Tumor,0
19.674368422388635,-44.90270898789253,Tumor,0
40.41365834913798,-42.91897530106809,Tumor,0
-9.352753822513534,-52.04211033319018,Tumor,0
5.237521143299755,-49.21210780333364,Tumor,0
5.887391530019542,-15.158333553303136,Tumor,0
27.91342375026214,-37.947334923196664,Tumor,0
29.560749504874728,-11.815106290526742,Tumor,0
20.30933625049858,-15.972359701256607,Tumor,0
26.94477482970014,-65.24137111241694,Tumor,0
42.81336364841176,-19.081435975650926,Tumor,0
0.4460445685731538,-29.404244633645753,Tumor,0
1.2064070181876527,-42.8516859733246,Tumor,0
19.428014684487668,5.856171199373939,Tumor,0
-41.222119075510804,-51.68099221976947,Tumor,1
15.617993769981014,-27.695238074820086,Tumor,0
-5.786735869652738,-47.5536487298291,Tumor,0
-2.786630897924741,-71.5929735446116,Tumor,0
-29.994216096899567,-39.49111923690836,Tumor,1
0.37695178318158645,-53.926336238125536,Tumor,0
13.974451432981752,-28.570389404608175,Tumor,0
26.76934200280322,-36.525634655516015,Tumor,0
0.19521923188781692,-48.35211693651118,Tumor,0
61.54419086806419,-45.03022778831523,Tumor,0
9.885565774766535,-46.94895407333372,Tumor,0
-13.350787942095574,2.9961660336848093,Tumor,1
-23.564872548321986,-32.61913771582813,Tumor,1
35.13243285332536,-15.934115926359677,Tumor,0
32.76644052739085,-37.871477400568274,Tumor,0
18.75138543824054,-0.4315391482702603,Tumor,0
35.58647950496726,-0.5727558809333554,Tumor,0
5.740421338618475,21.16672501651751,Tumor,0
-4.205567088326711,-36.0349271685124,Tumor,0
30.874181116807904,-63.35190609933933,Tumor,0
30.206347886573443,-38.15174694479949,Tumor,0
47.48133417327082,-25.856818379497174,Tumor,0
43.211747875223445,-16.572828109342144,Tumor,0
-1.7258898607200115,47.00668078972279,Tumor,1
7.5007460689054195,-49.55360062457821,Tumor,0
97.21913160184336,57.869878611597905,Normal,0
46.44557403274965,1.8346155361095544,Tumor,0
-1.7831025062126882,-1.6524106114015418,Tumor,0
11.340905158781085,-54.385471515721996,Tumor,0
45.865713371879785,14.36475398638912,Tumor,0
60.36481035680396,76.22145228877955,Normal,0
-3.868340597673829,21.134118058043338,Tumor,0
62.9429131868529,33.73607894685133,Tumor,0
48.410271297840445,49.199449127144646,Normal,0
31.802925105123418,4.167377384480287,Tumor,0
75.40434590897216,34.551967086954164,Tumor,0
-18.240655596515627,-42.02875350876789,Tumor,0
-52.823138351777224,82.3815670517788,Normal,1
29.952003131733917,14.418915548583191,Tumor,0
-9.81724607735521,45.623178092261696,Tumor,1
-2.8533895889032594,5.232882907729637,Tumor,0
-174.99822863549207,121.09028124773407,Tumor,1
-28.765653948574773,40.126417526462554,Tumor,1
-40.516503826611604,-20.6485028184457,Tumor,1
18.122214549565093,27.1594705174428,Tumor,0
18.70947296732924,14.419817068987468,Tumor,0
-67.66496226292975,38.05103571226279,Tumor,1
-145.5260661784255,19.688929265544378,Tumor,1
-139.3120590920393,29.068768359115428,Tumor,1
-95.18253164269618,-4.068719998576121,Tumor,1
-34.712304127601904,43.82078506247364,Tumor,1
-30.408688474526084,47.15960528127535,Tumor,1
-8.085250801649952,18.69997027745473,Tumor,1
0.4646703029591771,46.942883727918336,Tumor,0
-81.39739470142355,-8.637110697712526,Tumor,1
-5.707346590566226,-20.325381317146057,Tumor,0
-36.71664265615,4.98047343959037,Tumor,1
-56.404603306678425,15.570752555211204,Tumor,1
-37.180339016347965,-14.892006569554503,Tumor,1
-144.66415590361817,-5.668982163354619,Tumor,1
-67.74894211285294,16.773069725094008,Tumor,1
-25.498974212813753,-2.5899731200616904,Tumor,1
11.99248120712305,48.54963375738857,Tumor,0
-77.2153524414884,55.27328739839641,Tumor,1
13.270989453955584,16.19712198221615,Tumor,0
-32.73609262790157,-22.330463099822857,Tumor,1
-46.63006805927322,-60.52621143675794,Tumor,1
-72.9147797331947,81.30784893885074,Tumor,1
6.278016075144641,-4.4367130061012645,Tumor,0
-28.88365585434082,70.7201880191889,Tumor,1
-40.451213824099696,-20.91435309815952,Tumor,1
21.506427820480706,35.422380736721934,Tumor,0
-7.909407285000313,-19.565137637274265,Tumor,0
-30.36792568941763,-37.50257679187502,Tumor,1
26.877378509892484,-28.48924502208714,Tumor,0
-16.091412847700642,-11.588019418447814,Tumor,1
-6.300375418398417,-27.010792283516935,Tumor,0
2.2803685898266544,-17.442192897947894,Tumor,0
-59.7019062466367,-8.467727828599346,Tumor,1
-52.348601395839395,-6.581102662882484,Tumor,1
-18.679568825458233,-36.54022780127435,Tumor,0
-38.72841897155675,-68.6080944518597,Tumor,1
-29.234460169589795,41.8459879385743,Tumor,1
-47.91781659586652,-0.6921580831721825,Tumor,1
-66.0902612368353,27.63348026606011,Tumor,1
-3.836908979895451,-2.4346571498183,Tumor,0
-25.071748433335028,15.272109682906121,Tumor,1
-24.05225943506516,-17.013727978576593,Tumor,1
0.7864544589333429,-28.374197760356285,Tumor,0
-8.316758943373188,26.072327435723135,Tumor,1
-20.49497822463017,-53.83147115652185,Tumor,0
-68.53028974430553,10.21332062031147,Tumor,1
36.12861092102316,41.71351433191489,Tumor,0
31.813341667413813,-5.73636750915959,Tumor,0
-74.82756634802176,-2.401884124456844,Tumor,1
-7.782766860589629,-25.280004869872407,Tumor,0
-8.313694198974298,-34.98395460576367,Tumor,0
0.5728388482776423,41.171153850288526,Tumor,0
-7.265777534603958,-17.526155111126393,Tumor,0
-1.5177779864409646,-44.44467023921134,Tumor,0
-1.6600709478854598,-6.646745627012562,Tumor,0
35.55037614516465,0.13691544986471818,Tumor,0
37.930258060508116,11.173681556705866,Tumor,0
5.6990258647766225,-30.64381542814137,Tumor,0
13.546971619738208,-48.637886456516746,Tumor,0
-34.486487201623426,-54.564107163935255,Tumor,1
-0.8774898946199692,0.5010530670805455,Tumor,0
22.209221015891625,-24.214587436660636,Tumor,0
8.223633539810388,24.65209142100368,Tumor,0
32.145264396020586,-8.971065158180458,Tumor,0
16.88337711713376,1.5900131798313597,Tumor,0
-8.764679744454693,-26.03030992581049,Tumor,0
-11.704831044583953,-9.769928880160313,Tumor,0
-44.58445807205108,-26.769393220059484,Tumor,1
-5.06335422413753,-50.32556938680117,Tumor,0
-11.209212077449525,-52.02853887654465,Tumor,0
-56.472119320325575,3.5919367106960185,Tumor,1
-72.1893571448562,7.956374380135874,Tumor,1
36.31130651338359,42.46162959119129,Tumor,0
9.746092200105904,-20.659215734017412,Tumor,0
-65.06003432443127,-2.1330773206214744,Tumor,1
-36.988784235418635,-73.84576170616877,Tumor,1
4.905849619695369,39.11218290158801,Tumor,0
31.235701219105888,-6.882762024034337,Tumor,0
-42.46604431134832,16.302325574141882,Tumor,1
-32.136827377635846,-61.82697359455839,Tumor,1
-0.19151531721680234,-31.036101351983255,Tumor,0
-24.08575450354925,44.52487828614351,Tumor,1
30.429929730690443,-19.492646395666906,Tumor,0
-100.98531913031978,47.55273307661408,Tumor,1
17.031381831526005,57.935492108551884,Tumor,0
-1.719378194475132,-50.47930255459967,Tumor,0
-1.9745117797951592,9.146097307148272,Tumor,0
51.15156766585368,7.072401719402728,Tumor,0
43.28046062640359,-10.82283236595522,Tumor,0
11.6917180826049,-62.379410599486555,Tumor,0
25.6535669610564,11.79854459010275,Tumor,0
-64.62042363259052,43.024782149008544,Tumor,1
-21.32067675164836,-26.382815612528617,Tumor,1
-9.315438077281684,10.717779072519924,Tumor,1
-42.22817426587251,-55.97981897875622,Tumor,1
-55.709342037434205,16.077406836400588,Tumor,1
-7.040774423180693,31.768170085724986,Tumor,1
-59.35980809117303,57.88485098901753,Tumor,1
26.28406873739973,4.166810641931001,Tumor,0
-41.22664762004789,-52.622398667880155,Tumor,1
29.787217425117767,-16.985635998916216,Tumor,0
20.101801933939505,10.12743310273783,Tumor,0
15.926884131384957,-8.948386835145374,Tumor,0
-24.011943692689602,30.646611107807967,Tumor,1
-16.507335138578192,-11.645224335786159,Tumor,1
-14.892213506478178,-43.20657070548692,Tumor,0
98.5394215505652,22.37608735803639,Tumor,0
18.60712627101599,-68.90010212629511,Tumor,0
-64.69709223326367,-25.780614610271368,Tumor,1
-118.03123747280375,35.26355147325292,Tumor,1
89.19534975478791,-66.29618968600381,Tumor,0
-20.78789130882447,-18.27033659203738,Tumor,1
13.361466983839692,-55.00082290912935,Tumor,0
21.57083574090743,55.27204297899527,Tumor,0
-22.147050630881125,-8.244089219367275,Tumor,1
36.54895527993782,-24.23894041468022,Tumor,0
-21.60658157775709,-51.36178587940955,Tumor,0
47.59429390674122,-19.243360849251676,Tumor,0
-119.69110236009678,37.73819757987692,Tumor,1
-111.04677938673642,-8.437399471618031,Tumor,1
14.978138687131727,42.72527701151805,Tumor,0
0.956115565140806,22.37253485291149,Tumor,0
-4.319558226147076,-23.1004670703665,Tumor,0
15.39026641012973,-80.69729068695621,Tumor,0
31.13409669203293,44.81719004408734,Tumor,0
12.09675514169903,5.5347193178766,Tumor,0
-53.01105049424307,9.880308730889007,Tumor,1
-26.44194330208406,-39.44477732248276,Tumor,1
-20.102712013267144,-54.093201174996494,Tumor,0
18.932164659962307,4.503834222133225,Tumor,0
-11.74740397948184,-44.21027743887123,Tumor,0
29.19333604640791,-64.53843044632234,Tumor,0
-23.213559822229517,13.124476723259725,Tumor,1
-35.62909206605389,37.14710595859544,Tumor,1
36.4970883009904,-64.8377681987184,Tumor,0
21.43320010279678,-58.55230073279465,Tumor,0
0.5862598889068521,28.653660303358045,Tumor,0
-5.982201454015855,-4.037378233875749,Tumor,0
3.5216526698561363,13.052162695897723,Tumor,0
22.08312681308583,45.447398013391265,Tumor,0
19.595809042966025,9.403600908111123,Tumor,0
70.69508769450103,3.5144002303585973,Tumor,0
-1.2756782661003072,15.988852410699007,Tumor,0
19.76741615675997,-0.048795231077539795,Tumor,0
17.5882930478255,58.427627881760394,Tumor,0
1.6494684580245922,-11.979010021654148,Tumor,0
-32.88419877429794,40.853623777534985,Tumor,1
56.21933595058088,16.633049943559424,Tumor,0
-27.89614527225557,-49.21732041377991,Tumor,1
-7.4934164535076455,-7.499236390358515,Tumor,0
23.477907897547578,0.015572581986255975,Tumor,0
32.05315604494942,-57.559087001124176,Tumor,0
32.296932628595286,12.209403622789,Tumor,0
32.48552947602305,10.487641309203873,Tumor,0
9.098120964104764,6.81019937551488,Tumor,0
18.89955866733237,-62.61322521002656,Tumor,0
33.841624175924316,-74.20765040526892,Tumor,0
60.55899576956466,-41.640597781074696,Tumor,0
69.80141142635576,-36.199793021355404,Tumor,0
32.5368113384793,-52.14283733658594,Tumor,0
71.47271775381925,13.72195567523935,Tumor,0
52.2030685294946,-28.930710042554686,Tumor,0
24.138900619361625,26.934382920716697,Tumor,0
21.44608955727705,-53.29920560887818,Tumor,0
49.32703254124095,-2.6742967300929568,Tumor,0
58.07814045140401,-6.476278856453961,Tumor,0
41.74095808245226,6.715149429987055,Tumor,0
33.52188353601953,-19.245460765019992,Tumor,0
77.98967367636267,4.584473673532076,Tumor,0
40.851467271958896,-40.82930135091228,Tumor,0
33.58804102844097,-60.3770220871258,Tumor,0
27.10642730711531,-25.436390361726286,Tumor,0
43.60237244841819,18.599611178368313,Tumor,0
78.66681942867045,3.1147073514653574,Tumor,0
33.11515699007526,-13.749905058922009,Tumor,0
47.467203967163115,-17.80364221806822,Tumor,0
17.856507075805425,2.8632114735483127,Tumor,0
43.46412042868362,-34.49827655153685,Tumor,0
-9.563562526816018,42.41020080629713,Tumor,1
-86.37391057836517,55.142007988425156,Tumor,1
20.882761465460167,-53.87152147629368,Tumor,0
-8.274638907034914,-38.40969964561153,Tumor,0
58.38279195826136,-2.992334434404548,Tumor,0
57.88382734342622,37.26219810233822,Tumor,0
19.17577732920792,18.41212399815618,Tumor,0
54.21635594125804,47.532806639008044,Tumor,0
20.95008973717827,48.633092690130425,Tumor,0
-18.495006834926368,14.90475565737096,Tumor,1
-2.20417276215516,5.0668704075152355,Tumor,0
-12.691668819729376,16.570997153566044,Tumor,1
-72.29676433991669,63.277469781565564,Tumor,1
-89.9861806857422,19.821672882647743,Tumor,1
-71.2078438466278,36.97786009995484,Tumor,1
-84.85778868403528,3.797775984294463,Tumor,1
-9.952621229013522,32.291342073704186,Tumor,1
8.90836325268188,-53.30117976824814,Tumor,0
-4.521883274895271,-37.58111975278035,Tumor,0
-81.42316145057153,-65.8148169572118,Tumor,1
-63.25627515397305,-43.58435585899002,Tumor,1
-1.8066437496114454,-80.01551792855011,Tumor,0
-68.52011788708423,-3.082375811164647,Tumor,1
-47.746579130037176,-25.26618635905933,Tumor,1
38.83021452584469,25.97605647052273,Tumor,0
-52.97404587045368,36.67023546928383,Tumor,1
-17.953067326510805,-13.05583782796486,Tumor,1
30.320146568597053,-44.702461859880245,Tumor,0
-45.70499122653285,21.73839494206068,Tumor,1
-23.83947464949998,-34.22630664062591,Tumor,1
-0.8343675692110876,-19.678184725553823,Tumor,0
-51.07501089072168,27.663771351621904,Tumor,1
-39.97660752575685,24.645753008977746,Tumor,1
-30.942911670295313,-46.040856468298266,Tumor,1
-64.31798778483446,0.6440451399211486,Tumor,1
6.718810074917146,-27.748993567939426,Tumor,0
-50.378729958629485,-93.22896269973836,Tumor,1
-12.166268320334257,-44.73591667297459,Tumor,0
1.1533810588653948,-32.41185275008635,Tumor,0
-14.432843278631964,-54.344563869550264,Tumor,0
18.083651795607434,-22.69896468698946,Tumor,0
22.404886423327653,19.800564749229807,Tumor,0
-28.822626908910497,10.794422567364647,Tumor,1
1.3012508636923619,58.97434224717764,Tumor,1
7.6633152634243915,30.225534430498353,Tumor,0
10.071558867987973,-9.095637217225054,Tumor,0
8.591895136602549,-13.399414872321104,Tumor,0
38.10179323504993,-39.41626380483394,Tumor,0
9.350234581112419,-73.6279460796213,Tumor,0
-3.5914357440427556,-55.62314053193979,Tumor,0
-19.06726426911248,48.72946867233793,Tumor,1
-7.155048612301567,11.873575112097354,Tumor,0
-39.777964967501404,-32.40851461206108,Tumor,1
-30.49237925884633,-39.45593238537156,Tumor,1
-9.777204756999117,3.875479447113683,Tumor,0
-3.803129381728679,-58.09144461731445,Tumor,0
-16.06199784878309,-62.138533443488676,Tumor,0
16.246584044461695,-3.2137181815476583,Tumor,0
38.48005212875033,-68.47901004068805,Tumor,0
-17.366110153981882,-8.842900535383889,Tumor,1
20.389173057066753,-22.392390761580263,Tumor,0
28.95769261131062,-41.4647393041167,Tumor,0
-11.599594520707727,-45.278041088835494,Tumor,0
-18.44930108159252,64.84049010910918,Tumor,1
-54.262594421013226,57.82575842059015,Tumor,1
-55.60360232593539,27.906000792378784,Tumor,1
-57.005066772984655,20.29415866223184,Tumor,1
-42.647237947084584,6.479017688806696,Tumor,1
-102.86191070841153,48.91312736956688,Tumor,1
-62.045572076728035,0.9967448846786735,Tumor,1
-49.2897114102073,5.608678031127594,Tumor,1
19.709483693713825,-31.559411886277363,Tumor,0
61.1599951795352,39.097573386330886,Normal,0
28.865861728968802,35.286781552685234,Tumor,0
-37.3732582250032,17.83161177038123,Tumor,1
-20.245981387329465,6.068250861678203,Tumor,1
67.89269589864308,60.30259682981497,Normal,0
20.285434094567126,19.72476513027982,Tumor,0
85.99618382111589,38.13276690433368,Normal,0
0.8263722666232566,21.760134145494842,Tumor,0
25.102335574554004,-32.59580684856097,Tumor,0
3.524587055523891,20.65689239240897,Tumor,0
46.66296147528575,59.43785211965933,Normal,0
-34.283571452779846,37.49340339473334,Tumor,1
77.58635405968117,47.62100371073879,Normal,0
-25.869991640279938,-2.6135674908249364,Tumor,1
24.246693198502737,-15.195803210702548,Tumor,0
72.44790846304068,72.1093707025371,Normal,0
-37.11236531819133,20.652199394142276,Tumor,1
19.476708299932078,19.58081092156804,Tumor,0
74.69806807522649,29.370498589212026,Normal,0
4.8195810213976,-39.715210633276556,Tumor,0
84.5329482751927,80.69100879785941,Normal,0
-41.52205188489486,36.684995473359294,Tumor,1
37.134204562979576,-10.249473521845529,Tumor,0
71.85373678923676,60.010947792310496,Normal,0
-9.256471009001551,2.572504663968413,Tumor,0
52.108483817424144,64.59789383210676,Normal,0
7.933054217660672,-4.0507974346331235,Tumor,0
10.920164883024272,20.854049987589928,Tumor,0
-0.03391541886592905,37.43287438819282,Tumor,0
19.18241330360743,-6.658090647923827,Tumor,0
69.2568869753297,44.71411017545449,Normal,0
36.187626663629636,50.06790041212563,Tumor,0
6.182018056899317,16.311062954509943,Tumor,0
29.295861785443392,48.40954296542431,Normal,0
51.59405593188396,26.912149647766945,Tumor,0
12.3396817450501,15.618761561439278,Tumor,0
-11.84524494395243,14.006980848544513,Tumor,1
74.08698892775183,43.23128888829217,Normal,0
3.912340612472475,10.491750715074922,Tumor,0
25.863012200026265,-65.12575013489587,Tumor,0
39.3037670177614,42.94052460828799,Normal,0
-50.598925327049336,-12.524049474582378,Tumor,1
51.91724277666642,23.901529694345573,Normal,0
8.978519124566972,-32.50315116613118,Tumor,0
69.40944474039946,41.86328651894083,Normal,0
42.67320599937709,14.232686746785806,Tumor,0
68.27545231823856,65.94705138553185,Normal,0
-33.81003790310274,-3.4512356491379155,Tumor,1
78.5209991473927,60.77636541121921,Normal,0
-32.95232219447996,-3.554584532366648,Tumor,1
71.82088629275754,38.560576185783816,Normal,0
33.747743598829594,-18.23535214698005,Tumor,0
40.888268930530906,13.770948830152127,Tumor,0
65.76506263116507,48.90803533580421,Normal,0
21.666566051775515,-34.858349004233375,Tumor,0
16.417021792724675,-60.58315402391812,Tumor,0
80.87182350011342,80.83098871863557,Normal,0
25.123307544646586,5.881939097159144,Tumor,0
10.814669754702978,11.381963286561875,Tumor,0
94.28219822129158,30.108139203326942,Normal,0
-19.95876141627029,-39.814457031244636,Tumor,0
-0.23072695407808225,78.82393850205776,Normal,1
18.200807000572322,30.133245010767865,Tumor,0
-7.190620716262829,22.980795219129345,Tumor,1
50.5978214247944,7.748783237009577,Normal,0
-14.055319335165786,25.880520548285308,Tumor,1
75.71535477956402,65.58947693922828,Normal,0
37.495373897743484,-6.966343479980122,Tumor,0
72.85362589710604,48.1458348861475,Normal,0
19.13199818432672,3.1646351891824196,Tumor,0
61.763873812189026,30.454939003062144,Normal,0
7.550879564044384,4.010095914187725,Tumor,0
72.1333893794507,26.15305449016758,Normal,0
-19.236856116771566,-6.748312963444055,Tumor,1
28.971370667268484,-3.9617393134128394,Tumor,0
72.41503696043178,30.856291054937063,Normal,0
32.20739342568531,38.220587440742065,Tumor,0
82.76585463754854,30.24883986460092,Normal,0
6.185723471123028,14.015038970177876,Tumor,0
-17.372089178823476,-9.815580974289622,Tumor,1
-27.359516377777954,49.34088954785744,Normal,1
-55.71194898335239,10.485330345699726,Tumor,1
-12.624863188525653,38.191258999153455,Normal,1
-5.690497136787344,-27.732955940915666,Tumor,0
26.525009900595546,37.44255985776475,Normal,0
-8.796602734830593,-19.00171905513207,Tumor,0
-92.09505119969971,57.23929915276233,Tumor,1
34.43819053815003,-63.166158920499605,Tumor,0
49.5421669160066,4.539325533989367,Tumor,0
30.07426557060926,19.415723424457305,Tumor,0
19.839569939386532,-18.15329767337953,Tumor,0
-50.52903296994208,-20.287074831369285,Tumor,1
40.504502264340736,-23.996736385574735,Tumor,0
-1.0185653859698645,-15.443669423191942,Tumor,0
-31.59712424786938,-7.708318675622744,Tumor,1
0.3496794108227674,-68.53026097886448,Tumor,0
61.03554546653498,-2.2771417558887443,Tumor,0
16.499362876411297,28.438353764483495,Tumor,0
73.43317520922015,42.52313315447044,Normal,0
-0.224450770377554,-22.446440784835698,Tumor,0
-11.79510262114521,-22.09098616000951,Tumor,0
11.99502868721477,35.26752106914363,Normal,0
-3.3814825275934965,-41.19074957997443,Tumor,0
3.757839463584003,100.7488942686941,Normal,1
-33.69346327668308,10.255956654231046,Tumor,1
71.12459122486135,35.018419777446205,Normal,0
-53.751552586308215,-17.758185661521555,Tumor,1
-2.684524159272359,14.300942962363347,Tumor,0
1.301077095793964,-29.820704886546665,Tumor,0
13.49163748838945,2.014308590894982,Tumor,0
31.070124305896357,62.310280183923865,Normal,0
-15.235189980501195,-50.841867316867585,Tumor,0
-76.99784676183549,-43.31660212134286,Tumor,1
8.281658488755742,-34.248071057711975,Tumor,0
24.78267870157662,1.692428363734394,Tumor,0
0.2506060711214337,-17.65046493950167,Tumor,0
-55.88639404542807,-33.509661258452134,Tumor,1
-13.562506535195539,-72.42332157351935,Tumor,0
-3.7002066982825834,-22.829274738177073,Tumor,0
-14.423604421358048,-24.775133340481943,Tumor,0
-48.52455319660208,60.533558524463636,Tumor,1
4.38514146321429,-72.60463545599121,Tumor,0
33.8011098130493,-16.346794054124775,Tumor,0
29.129987480643845,14.537123526269218,Tumor,0
-16.834114760213716,10.478287236278346,Tumor,1
9.464499276561224,24.08744909859954,Tumor,0
20.921213224578874,-0.018539060803961966,Tumor,0
-60.77490512190569,19.487725231010042,Tumor,1
-8.21486914016518,-11.824146749221615,Tumor,0
35.42985867867069,-7.916666355603912,Tumor,0
-12.185549137011238,-12.827649150306753,Tumor,0
58.070701640032624,53.742845012851646,Normal,0
-13.54598393272902,-15.218880541998551,Tumor,0
79.58763029890751,43.54390618479727,Normal,0
-0.7411639877470931,-80.31227741604347,Tumor,0
62.87264895546994,65.67882331733597,Normal,0
35.167180289598605,-6.351884080824892,Tumor,0
74.1816022544078,59.73614083165576,Normal,0
15.715304319240708,-49.1081933184506,Tumor,0
77.36956635787337,57.01269966827466,Normal,0
36.80401276885974,-40.748536974704386,Tumor,0
88.6735481433398,55.42058758095093,Normal,0
23.994248899344417,31.656242428102733,Tumor,0
91.70194642581593,51.63592869417831,Normal,0
19.168769816148867,-36.49715579459772,Tumor,0
91.79575270866339,54.517122183978,Normal,0
5.998082905634006,-65.70812321006237,Tumor,0
54.257115098464844,65.1700490608316,Normal,0
-13.390630519492442,-6.664002831144036,Tumor,1
-0.9383880360381329,-45.0046419488812,Tumor,0
66.63605047553371,52.06201681641905,Normal,0
8.01158512305487,26.93776927965451,Tumor,0
-37.07556430927231,85.78146485875607,Normal,1
-0.6397183500889542,-35.809702114601656,Tumor,0
73.09269825292185,78.05120251591042,Normal,0
64.307203631972,-9.14518932440419,Tumor,0
46.60800166991565,93.05286771588509,Normal,0
23.29522341190008,-38.600141165566235,Tumor,0
63.38759121451117,-43.885769064941634,Tumor,0
104.6649757719427,52.87790289348575,Normal,0
97.11927041903961,5.556824797060635,Tumor,0
106.07590195086945,42.201156845844004,Normal,0
16.24392832225833,-35.41089233138005,Tumor,0
111.481880851033,42.42718432282846,Normal,0
39.65907226728336,-25.025191352933348,Tumor,0
99.37266677416113,7.884565662852115,Normal,0
44.233921881506795,-13.948699575585954,Tumor,0
21.011617946745254,-9.839786573245911,Tumor,0
41.74886280489218,53.21775843355775,Tumor,0
73.28722145129656,64.86522879363812,Normal,0
72.31215862814831,-34.38918185252265,Tumor,0
89.56471972881529,70.92854103778731,Normal,0
75.93893351093162,-81.1519943026862,Tumor,0
-25.20876429201182,32.73114150911847,Tumor,1
127.64758474458529,59.52815017328313,Normal,0
57.565879921227065,-77.68193229699443,Tumor,0
66.37206186240417,60.40043223246809,Normal,0
69.67688536642922,17.612392506003186,Tumor,0
69.28874457892051,46.298088749412045,Normal,0
-25.397316725576363,13.72191053028017,Tumor,1
52.0409334638898,63.53193059410064,Normal,0
5.55213416178223,-41.176766045455715,Tumor,0
88.19757017415638,53.067104791845615,Normal,0
68.46042713995062,-9.021449183437525,Tumor,0
130.88640423216629,27.55739372422493,Normal,0
-11.43720367031492,-64.52643629190715,Tumor,0
105.7893549262004,25.54172338860988,Normal,0
75.15878491258019,31.06223784553497,Tumor,0
55.779124656493636,76.68628623073607,Normal,0
15.975565681333954,-67.8353688201813,Tumor,0
134.1282925921599,35.91229924498921,Normal,0
17.421549766325644,-38.36735278178955,Tumor,0
72.84964048684243,-71.88518425643258,Tumor,0
92.55413695858053,53.704396883846364,Normal,0
26.19619097559041,-18.69902875313346,Tumor,0
76.22230459782666,64.51855694301803,Normal,0
9.990181165068444,-30.324277585434864,Tumor,0
70.44189219678238,57.422501595119634,Normal,0
35.59011349119718,25.343903478245565,Tumor,0
76.88174901223265,51.2968877042166,Normal,0
42.724849968542,-2.1909626059071265,Tumor,0
26.121685551117945,-29.998170061498435,Tumor,0
8.971461827109861,-11.8157126521405,Tumor,0
111.66069025157974,49.854688239381105,Normal,0
66.69972398237651,-92.3122203089562,Tumor,0
90.23843724724892,78.79471984789986,Normal,0
38.0819678705405,47.21373834702915,Tumor,0
78.90770095546517,43.005250115045264,Normal,0
6.317897310736332,-4.750281108303921,Tumor,0
95.36545165912796,60.359369433857545,Normal,0
20.409776547209876,65.23768374340901,Tumor,0
38.83192130728022,-31.769240176192255,Tumor,0
-19.58636333188599,16.591898943952756,Tumor,1
-78.71031462721008,7.105004025630794,Tumor,1
-57.82406346999503,87.4866707187283,Tumor,1
-18.194068397772668,40.7783063520986,Tumor,1
-59.55373473813926,28.614448910279133,Tumor,1
-92.14308279619996,31.646864638187886,Tumor,1
-77.51708126072363,-38.26961423584864,Tumor,1
9.299153119791036,72.58221185940927,Tumor,0
-63.41199113172656,-20.794279975273135,Tumor,1
4.84158003712017,42.20394348025844,Tumor,0
11.853866922301235,48.01197771080082,Tumor,0
-5.216923647714413,2.0672780556771198,Tumor,0
-30.34133658521733,37.48608119836585,Tumor,1
-4.786916591757119,-12.744046349254289,Tumor,0
31.14090725519314,-63.19370428602139,Tumor,0
-11.482409106330872,-11.406880744150104,Tumor,0
22.260791872799352,-15.479994990027516,Tumor,0
-16.18547535162933,-2.1443805660422335,Tumor,1
25.989045294392522,-11.78015711072687,Tumor,0
-31.123185259399712,-9.363240504692747,Tumor,1
-54.3355596259123,-51.47363903141968,Tumor,1
-6.825474248903475,52.91612515215471,Tumor,1
-13.13571658941591,-21.498207486393692,Tumor,0
-55.63568658111518,-36.00179509886618,Tumor,1
-74.30049387389953,-16.006136210634097,Tumor,1
11.246926548961632,-54.66526099910077,Tumor,0
-40.475024509655285,1.3175383733705144,Tumor,1
-58.49541922625558,23.210706952023145,Tumor,1
28.06111941470013,5.706920919051688,Tumor,0
-49.89050389514035,-65.61234100863996,Tumor,1
-18.561449208691045,31.54502890146129,Tumor,1
-12.1899598314896,10.281142769265148,Tumor,1
-11.091107857802617,-44.34359461854073,Tumor,0
-39.209857658521734,14.880044000595554,Tumor,1
31.991529284994478,-50.08173311847741,Tumor,0
-35.70617558099096,-0.8472406797064357,Tumor,1
-37.95143253220183,-23.42302193429339,Tumor,1
2.719887612590299,-29.77952664126227,Tumor,0
-2.8365981357250054,16.934301843609706,Tumor,0
12.896593134368258,-52.122565532586286,Tumor,0
-13.605946032605779,-25.47675078078447,Tumor,0
-4.57292262397443,-34.793964014990266,Tumor,0
-7.690043180311567,-65.55779603457853,Tumor,0
10.235003477272558,-65.13281354348854,Tumor,0
2.443184324802609,-39.08917673777258,Tumor,0
-4.6993821353059975,-7.826758813867276,Tumor,0
-31.217179245947122,29.944100966182653,Tumor,1
-21.096556933148403,-6.040520857962138,Tumor,1
5.803501583692756,-56.745628248490505,Tumor,0
-30.605467309062686,-28.705596224181992,Tumor,1
12.687579047395333,-59.94174624959052,Tumor,0
-2.1385454650280398,-9.578274524800925,Tumor,0
5.266647383330824,-7.606434202819268,Tumor,0
34.26463129734695,-57.600844385752076,Tumor,0
14.663711167544928,4.039433214833969,Tumor,0
30.20408445687814,25.285870136072983,Tumor,0
-15.273202631794279,-29.325439622782405,Tumor,0
-68.65081386827974,28.789199459050707,Tumor,1
-33.468338611080384,8.79496341797191,Tumor,1
-10.279150242788255,49.10832038470979,Tumor,1
4.743000573076147,-30.810218330694042,Tumor,0
8.018267364037493,8.61601291371071,Tumor,0
28.137077243742024,-40.79355481669011,Tumor,0
22.78551028569726,21.01374277655795,Tumor,0
-5.617922573455466,37.08964723242475,Tumor,1
-27.218130830291987,2.6246095728159933,Tumor,1
48.815131940877336,2.5979740639062556,Tumor,0
41.377254848492775,-5.408432935157801,Tumor,0
33.30707996688938,16.463741321644676,Tumor,0
71.4890704026935,-50.747166399665744,Tumor,0
26.044723786269767,-32.90641887948035,Tumor,0
81.10274344912428,-55.78362502424648,Tumor,0
43.565566319450824,5.217348139186394,Tumor,0
29.609582770908425,-39.820756995021505,Tumor,0
21.041868416378968,-33.224088974018926,Tumor,0
60.40348914735717,-50.7983952246988,Tumor,0
48.7372937793012,-26.152767367490057,Tumor,0
27.609140907887763,-8.133182453534056,Tumor,0
57.83912557104994,2.909999051769149,Tumor,0
-4.7847071925974936,-69.02777957424779,Tumor,0
21.222088793897193,-28.07999215054331,Tumor,0
-29.99478919169615,22.411769624646677,Tumor,1
33.13856863970115,31.319837660541175,Tumor,0
-13.283710032437659,-1.0687016367556847,Tumor,1
3.1993628446043054,-44.24919685765956,Tumor,0
5.549137651748027,2.563262540605922,Tumor,0
-78.90197908961434,-58.258961048645844,Tumor,1
27.45259014819792,-95.25167193807088,Tumor,0
55.087855298605895,24.466617098175185,Tumor,0
14.327494597835718,-49.669165613097356,Tumor,0
-18.72835556498308,-60.17180268331341,Tumor,0
40.558388725116146,-50.27894498534828,Tumor,0
43.60394566464993,-23.943634200271582,Tumor,0
29.80162490125276,-43.45554273679808,Tumor,0
5.121321044414309,-43.150735571733634,Tumor,0
34.48051992423762,-19.326012691408128,Tumor,0
24.66610926428945,-71.93190950908824,Tumor,0
37.64986256217799,-39.135415281556504,Tumor,0
-7.237906494221365,-65.20212023830501,Tumor,0
35.83876670428091,-39.0212809752579,Tumor,0
-4.287877882934913,-34.07302103736531,Tumor,0
-2.4494043396777205,8.733599001967578,Tumor,0
-73.57272561134421,-12.703173633793384,Tumor,1
48.61465727499943,-12.901628713130277,Tumor,0
51.19369879867385,-23.94063162784749,Tumor,0
-15.82452535025578,23.13647987096588,Tumor,1
22.794370858803287,-51.52793655139807,Tumor,0
39.42114389690454,-50.08291434846909,Tumor,0
24.403456134732913,-0.7163824841093785,Tumor,0
31.083886568476338,-20.553765270175987,Tumor,0
32.746153259353356,-76.59369941867644,Tumor,0
44.918586750420005,30.47827804620646,Tumor,0
29.53207769351478,-34.621896844021194,Tumor,0
5.144725321363511,-31.852713024455436,Tumor,0
53.49212045135093,-17.838537805021993,Tumor,0
-6.3984589139192405,-23.200487743329294,Tumor,0
-11.927374497361289,18.111046426317685,Tumor,1
-104.76345800789879,-19.13583917188699,Tumor,1
26.40263110322491,-47.38405004641946,Tumor,0
10.191404694336502,31.38756228949082,Tumor,0
19.701856509632393,-12.802986524501975,Tumor,0
18.51944233459038,40.93125059001326,Tumor,0
39.940684639474995,25.025984456772086,Tumor,0
57.700080119971915,-18.760360072416553,Tumor,0
45.41620965482669,-1.3441274565075134,Tumor,0
43.8853866109404,47.04768725912251,Tumor,0
-14.989914245500348,0.770564351467932,Tumor,1
38.742256652398986,-25.842970937241272,Tumor,0
-30.455263996899884,-15.430131600933132,Tumor,1
25.77497664095494,-4.203998683914602,Tumor,0
54.020383301052355,-25.591712517637987,Tumor,0
1.7004480381514377,-38.696532030266525,Tumor,0
-23.600137703848237,26.776289211056433,Tumor,1
-31.97855194869738,-8.989028549036071,Tumor,1
20.87852196081327,34.86335972580164,Tumor,0
4.856184971041155,46.30247143206685,Tumor,0
8.861354544686382,-4.70592224237391,Tumor,0
-1.5355756587868856,-11.891248394239545,Tumor,0
-20.43328644133054,-45.248411408009375,Tumor,0
-21.630170169218793,-57.09485959960061,Tumor,0
-54.724316240891085,-40.12663052596193,Tumor,1
25.89052191449468,53.58250909348548,Tumor,0
-14.012508504053635,-43.19019035615351,Tumor,0
23.42959193631609,-50.127338933901946,Tumor,0
18.513459996095786,-35.91582288468872,Tumor,0
-67.975893851916,-12.167508585988935,Tumor,1
27.2086638498086,-36.22083744711089,Tumor,0
24.453074313424864,-4.335938174721143,Tumor,0
-25.496147055262984,7.69291012754678,Tumor,1
-84.77813314077541,-53.578389047112616,Tumor,1
-34.2872216548007,-8.600133565975574,Tumor,1
-1.8217430695438046,-14.775308353771804,Tumor,0
-58.87135425738851,29.676964633400083,Tumor,1
-2.644204318970686,-41.28413272647841,Tumor,0
-12.092600464240187,-43.58511945093673,Tumor,0
-13.703525135700259,16.014238414840896,Tumor,1
-0.9506449091807168,-45.27720064456184,Tumor,0
-37.55081384713635,-61.35018410953837,Tumor,1
7.645620435221654,31.315604454308893,Tumor,0
-31.287777751489163,-6.1133781492855395,Tumor,1
-18.612367894954208,12.127984394920738,Tumor,1
8.32692458123861,27.760427375270552,Tumor,0
11.773182560544702,-13.827699510996785,Tumor,0
3.7164857722280114,1.640520562622725,Tumor,0
54.91158078748068,46.596919374001615,Normal,0
7.879773426110141,-52.02591241365604,Tumor,0
20.733492590845252,-76.08955911804685,Tumor,0
19.732831478271372,-77.29679771669639,Tumor,0
-5.044367361317898,8.108795693219978,Tumor,0
71.55117938811372,87.74814718993802,Normal,0
-0.9875698869174757,22.575934835584828,Tumor,0
-0.4909528051982112,-39.432461767896115,Tumor,0
32.70368569281404,-30.935895071205078,Tumor,0
24.253663928101087,-14.984562010421602,Tumor,0
29.31360039843823,-8.411149553997612,Tumor,0
24.29981387681312,-38.96566781854529,Tumor,0
16.06155351487034,-52.95228636380376,Tumor,0
-13.393543528332907,-34.807053729056484,Tumor,0
59.07660772023451,-25.461559806640846,Tumor,0
109.06108946835216,65.30252491065676,Normal,0
-10.259620138390977,-56.053546507660904,Tumor,0
-20.99091430292497,-28.531350444550586,Tumor,1
-27.797539029463984,108.13473965957951,Normal,1
24.896603457945037,-41.12622228042928,Tumor,0
71.18276095835327,4.213426860302233,Tumor,0
80.62710747920943,64.3145125128879,Normal,0
-13.630788742455547,-45.53193835260508,Tumor,0
38.50897284143684,-32.34149086044288,Tumor,0
24.138885414328502,-82.84977259638522,Tumor,0
-1.5669557902495799,-59.50765627948261,Tumor,0
25.54845631125712,-76.74731548518038,Tumor,0
48.67112313807808,21.7309887474624,Tumor,0
28.30274747285798,-3.915089120671905,Tumor,0
80.32792582704668,10.950854892588728,Tumor,0
-41.583876647328154,-22.731764179739404,Tumor,1
-0.7159890471864531,27.5873402688896,Tumor,0
-65.0759149660524,69.36843094909597,Tumor,1
66.5052098010317,-24.138742376222453,Tumor,0
40.69735378252638,80.51370581138676,Normal,0
-35.72500845497384,-17.0997381248626,Tumor,1
3.686679118519695,-58.663126469689054,Tumor,0
-52.193050560135234,24.956584582994957,Tumor,1
-5.695633446040532,-13.158688591338343,Tumor,0
70.00042267368832,72.441677892872,Normal,0
33.67246605508254,9.918628957896708,Tumor,0
-13.005167116233322,17.858100591762213,Tumor,1
14.423090296203908,25.13509578394872,Tumor,0
-25.59788752485353,-18.090804993700523,Tumor,1
35.885252009451854,-26.060732837327517,Tumor,0
9.693577956805697,-25.035383373842645,Tumor,0
38.31587249928904,7.520477487559309,Tumor,0
-31.879963523985733,50.667930646787646,Tumor,1
19.203455174617027,-38.640714476058854,Tumor,0
39.835897224739966,-14.808416142006251,Tumor,0
-8.239508627873168,-4.372607680817992,Tumor,0
43.93606401743369,57.72362145930488,Normal,0
31.811493543925465,-27.74748939141256,Tumor,0
19.329637569789902,-6.884844894918272,Tumor,0
-49.25585365245688,-7.370051074948596,Tumor,1
-11.645294465849258,-21.394557920161176,Tumor,0
41.27456852602569,32.965720388981595,Normal,0
-40.654942951994066,33.51642321703511,Tumor,1
2.198899495781559,-6.257826141474081,Tumor,0
-74.70647544811463,72.5559252130675,Tumor,1
39.35739684213851,31.731585915256595,Normal,0
-19.361748951669068,23.98842371593433,Tumor,1
-69.80861485769961,18.522089250894116,Tumor,1
-26.09561340893398,16.149665328496567,Tumor,1
13.849217338503497,11.839910226765594,Tumor,0
90.34128533029487,66.39697019902704,Normal,0
-60.072787754430585,-13.586331952514175,Tumor,1
-40.434308360163435,-16.14408515060584,Tumor,1
39.05392375186897,37.12239549130662,Tumor,0
-66.02758245133515,-33.56763541300463,Tumor,1
-37.3580458664038,-0.20567977854355024,Tumor,1
-165.38410783874906,-1.493284087987637,Tumor,1
-57.636799011261466,50.663227794767586,Tumor,1
-122.57423304162334,31.971160351619172,Tumor,1
-129.7271773216731,3.5905352119527865,Tumor,1
-123.80000578202265,3.8246735655148685,Tumor,1
20.536866349718686,-57.517426626039075,Tumor,0
45.214787915283736,-5.397482671945116,Tumor,0
77.89012820697657,28.717997475181186,Normal,0
11.948887936205454,-8.405278160879929,Tumor,0
49.73057044078696,38.427907548399574,Normal,0
-9.05380586963186,-14.267991757617214,Tumor,0
62.900799070955046,69.5720034901481,Normal,0
-6.84459115838695,12.009739535210585,Tumor,0
28.75575358151623,-14.458727643853996,Tumor,0
67.44776932348367,47.48908511036974,Normal,0
-11.87637822292163,-12.481095300011365,Tumor,0
58.27022769503138,75.03778026641746,Normal,0
-69.40597184650419,77.71487420695223,Tumor,1
-19.56735326055692,37.86931004286546,Tumor,1
-11.32565987022429,107.13525270893088,Normal,1
48.31424582148145,0.5699251275307821,Tumor,0
-0.18881940633780378,17.69882209143561,Tumor,0
87.9598300678536,85.47665943115307,Normal,0
34.52379369785075,11.58483928968589,Tumor,0
82.20901359577856,75.25897749251007,Normal,0
21.48087181304498,-7.330585230266172,Tumor,0
-28.422727177433433,-32.79401321152539,Tumor,1
27.58030424015202,5.324058945679953,Tumor,0
11.905087944922473,-5.123228749019871,Tumor,0
-2.563300643116996,-17.41954411628106,Tumor,0
34.75393843432796,-14.602616041039022,Tumor,0
7.433414772101803,-19.39233707766758,Tumor,0
28.800065705408677,-52.920975093049066,Tumor,0
-25.890719521524616,-51.061101089967906,Tumor,1
47.7743395850167,-79.65668529042632,Tumor,0
116.95419904550229,70.54473377967159,Normal,0
3.107073615177427,-15.095038589243606,Tumor,0
-8.787276447235117,-33.53839566498204,Tumor,0
96.76572848129865,59.747738577203336,Normal,0
24.586701670928417,-63.27487188338255,Tumor,0
85.825413234566,80.26832374790735,Normal,0
35.98813449519589,-49.89682557478518,Tumor,0
88.69400624114913,71.71112415169476,Normal,0
11.447959977645993,-65.80015587968207,Tumor,0
-12.56569712226375,-9.170800421253379,Tumor,0
121.22834210916469,66.73060599440161,Normal,0
-115.49671229764614,-7.546906211068013,Tumor,1
28.894928576366215,-28.157807735059823,Tumor,0
87.89019186168845,71.10026605273495,Normal,0
52.90767686844281,-24.92472849029634,Tumor,0
123.37381220860449,58.033673107644745,Normal,0
67.59342052506322,-56.74538569581397,Tumor,0
5.065637325566309,-5.294882422301457,Tumor,0
7.369405666348944,-49.73729983068697,Tumor,0
38.090255737866094,-10.492854934019576,Tumor,0
-13.036506067902254,4.206381634494638,Tumor,1
-8.093294963024096,-19.310613033044245,Tumor,0
-29.985272724241266,-18.73376064898559,Tumor,1
1.9798645306822409,18.160625315965728,Tumor,0
-38.93793841127992,17.864032240084022,Tumor,1
41.885677919743465,-68.60819799160211,Tumor,0
53.63940425694203,23.460657708209606,Tumor,0
-9.518722262042605,18.979321025411267,Tumor,1
-9.215407084519605,-10.65583161712688,Tumor,0
-27.186819854513256,-36.3552583519834,Tumor,1
35.596775738898394,-3.4474604113798613,Tumor,0
1.5028830371836919,-54.857138096578744,Tumor,0
59.00261520714734,-37.09270312119712,Tumor,0
-21.816397247581087,-2.4922802865488816,Tumor,1
-26.634523970580393,-37.823549930129374,Tumor,1
32.61796761815645,49.340431280938624,Tumor,0
-65.87814837750821,-5.150261425349454,Tumor,1
12.318303938462236,-4.990557542553901,Tumor,0
-53.317000287706406,60.08741636774406,Tumor,1
-139.1170890678467,66.88494158662284,Tumor,1
-48.09009881911546,-70.08034760348544,Tumor,1
-175.92642767120512,-43.94029130447234,Tumor,1
-90.37485538686772,58.758855530221425,Tumor,1
-103.14573619890731,70.79672844075394,Tumor,1
-39.69068403603881,-65.53780159418886,Tumor,1
-60.87620392124444,-59.69776210577975,Tumor,1
-106.41544708688389,20.004919224689992,Tumor,1
27.090495758509654,-13.58027645637644,Tumor,0
38.54179085477643,-1.3004731104855158,Tumor,0
84.98982489683885,-30.13449750409339,Tumor,0
-50.95595347343066,13.212370879197639,Tumor,1
15.68194033286578,-55.13253281153629,Tumor,0
58.7418854615104,3.345425981331878,Tumor,0
33.512004987186295,-48.287072401125535,Tumor,0
32.43557947779485,-23.57866097879454,Tumor,0
-25.61405567142444,-16.23143830725377,Tumor,1
-16.072413496085602,18.946094756336752,Tumor,1
-0.29693044751652375,30.87777673545944,Tumor,0
4.4687331389130875,-87.74825101749187,Tumor,0
-34.865519093619014,-32.50113494147357,Tumor,1
-42.74766242164203,-21.95034490662276,Tumor,1
8.863017722728156,-52.64788255191865,Tumor,0
43.990896172898275,58.264585587210064,Tumor,0
-31.94801219842059,-8.910652399182588,Tumor,1
-18.033259061203943,34.34826690553107,Tumor,1
-9.107634938821242,-37.46335872746529,Tumor,0
-6.379547763767665,-37.8146798814396,Tumor,0
19.63493296223659,76.71900010103062,Tumor,0
-32.22066283765132,36.22991038267867,Tumor,1
8.628456753651532,-18.377630793182817,Tumor,0
-70.97082090428991,44.89998735358964,Tumor,1
-45.06538510116346,-24.787344005635177,Tumor,1
26.54236329609684,-8.513459886596277,Tumor,0
27.400241160933767,-17.50015376137173,Tumor,0
23.620479987417223,-2.2575713205920045,Tumor,0
56.38632313679689,9.764907233533593,Tumor,0
-12.934161322569611,25.01623869584291,Tumor,1
7.313286470672982,23.333858457446603,Tumor,0
-32.8798286794427,5.793933812712505,Tumor,1
7.131038026850838,-2.6426974684786586,Tumor,0
-37.23291548364755,-49.82060211321784,Tumor,1
-34.73456907391386,26.69994622514229,Tumor,1
-11.302266080847554,73.42018948041996,Tumor,1
-93.34446708605569,-4.5714050989519235,Tumor,1
-48.09065209944267,5.54242983318047,Tumor,1
-9.327675302166535,-14.148793782062404,Tumor,0
-45.51649158496507,-68.99156045128571,Tumor,1
-94.90739196595712,48.38658594273193,Tumor,1
8.415684164906951,-6.827102080532398,Tumor,0
-17.991126527444926,-0.8234047406313398,Tumor,1
36.144774909323466,-2.729103409733023,Tumor,0
57.34686909958781,45.81529960297397,Normal,0
-3.4124478202500392,40.35017555264623,Tumor,1
63.324624773820226,75.86842243184408,Normal,0
-38.20349345548528,1.5678203502463688,Tumor,1
-19.54303456126714,32.60511707992666,Tumor,1
-81.36997994241278,27.20406925558254,Tumor,1
-47.172659375304086,-41.29987461575,Tumor,1
-49.86759455770863,53.00338918148825,Tumor,1
-66.64976170326801,65.99570995495516,Tumor,1
10.385517417305932,-5.255289157117404,Tumor,0
35.07150155327645,22.74739662283447,Tumor,0
-33.92625105968197,21.08188095827837,Tumor,1
-14.493785004043527,10.975156745483641,Tumor,1
4.847661832338126,-35.63572665843799,Tumor,0
-0.949603750053757,8.763216498595426,Tumor,0
-42.24042564981679,24.363948230448443,Tumor,1
-26.384260289077787,-15.675617461510233,Tumor,1
-45.27727544268879,5.348576573025183,Tumor,1
-44.69666680685914,42.751249293560626,Tumor,1
-96.75364941270769,27.66781675138339,Tumor,1
-18.629501207823324,43.21044895520691,Tumor,1
-6.7099703106696325,78.39251969079221,Tumor,1
-43.96879123508353,-13.249853191583135,Tumor,1
-35.80712763716493,23.24423545063103,Tumor,1
-55.61906935700792,35.685752104568635,Tumor,1
18.76937566281447,32.90302639418975,Tumor,0
-43.91858768933319,59.14400841399612,Tumor,1
-62.710022182286615,-12.06001226420705,Tumor,1
-89.76293973255524,35.736107239014444,Tumor,1
-3.508602776392015,42.226081027001605,Tumor,1
-34.58711424481486,41.73144452680413,Tumor,1
-0.2552953545121375,1.3750232752845262,Tumor,0
-26.374350108844656,65.97313495362724,Tumor,1
20.358985564615132,69.13833560961068,Tumor,0
-10.410680105791501,67.0784859311589,Tumor,1
5.6380239253422735,-46.677373257265685,Tumor,0
-109.48949907027294,-6.777940339464785,Tumor,1
-103.76445587411442,25.14368080341097,Tumor,1
-161.41887699643854,8.433397988490896,Tumor,1
-117.58169952703923,40.16803125950875,Tumor,1
-70.24088347377388,55.37234731903761,Tumor,1
-49.08665394163499,60.45182734284806,Tumor,1
-118.07758588032283,-55.637787876665364,Tumor,1
-141.08504570778524,-1.7811044543726697,Tumor,1
-149.99315562308797,76.2598511955246,Tumor,1
18.697958061565306,59.85147082758136,Tumor,0
-36.11212300271092,55.00334031599546,Tumor,1
-21.87618849830314,18.88725334906989,Tumor,1
-147.19743992734254,35.14119011486704,Tumor,1
-74.18036702995572,-13.671342105662793,Tumor,1
-103.39567766749393,58.25912775871731,Tumor,1
-113.21698226938676,-0.8488271925339905,Tumor,1
-14.591422232869792,-28.028835977226755,Tumor,0
8.880373017258025,19.07104239771965,Tumor,0
-20.451753499170984,27.201916354627745,Tumor,1
-35.073587277790814,33.31526307391621,Tumor,1
-120.08586374765217,47.91525044393197,Tumor,1
-45.1102675145319,-28.714330811714568,Tumor,1
-31.52244517137339,-10.051033487531004,Tumor,1
-21.5168590986018,12.363174513192861,Tumor,1
2.2750497776988436,3.286567893226032,Tumor,0
-121.41988441391877,58.99692332256946,Tumor,1
-9.504560993050795,21.93070457326704,Tumor,1
-32.237345775713585,64.85170125627435,Tumor,1
-88.52762295078412,-16.3536140751177,Tumor,1
-103.23683102346239,70.00620968447329,Tumor,1
-46.99780150400293,-1.2883429777296236,Tumor,1
-53.71537637436051,66.93256251701622,Tumor,1
-22.773111438582315,17.57525880292119,Tumor,1
-21.430022041344564,-8.80534819981611,Tumor,1
-120.17015289582548,58.75160908973084,Tumor,1
-91.03930429685539,43.77026158533306,Tumor,1
-130.84159599744353,-12.536189071856688,Tumor,1
-113.68592031025295,72.32313634883334,Tumor,1
-59.7793316202856,16.867501609868427,Tumor,1
20.57313510925779,12.585180535698319,Tumor,0
-37.45389043610335,-23.809459414900594,Tumor,1
-3.02442826568451,42.86486380475571,Tumor,1
-54.74987186824783,-5.425715483285742,Tumor,1
-42.682022111035245,12.224118394994326,Tumor,1
-27.248884342490864,15.141315348889288,Tumor,1
-49.33447602375137,49.66523987746397,Tumor,1
-50.723066636738324,-21.003427278333575,Tumor,1
-43.67662752103789,44.61638125633839,Tumor,1
-18.420747056565776,53.85635194837471,Tumor,1
-0.917063062741344,-28.941338800636967,Tumor,0
3.770306959776169,-39.27128049241441,Tumor,0
-29.12922771543623,-49.89514864857994,Tumor,1
-7.141974527136222,25.98355188736017,Tumor,1
-37.8403260849525,50.323539182357266,Tumor,1
-22.618504504401823,-24.909105690530076,Tumor,1
-43.96268498061479,-62.384209508612116,Tumor,1
8.186865818189373,-1.413572969520551,Tumor,0
-26.884886716804033,84.72737219508531,Tumor,1
-23.469387484028164,3.6185709952756904,Tumor,1
-101.74763400477171,-20.14150157538247,Tumor,1
-105.28066565901608,-2.189890551241063,Tumor,1
-165.58299287523798,24.37496251187916,Tumor,1
-25.691407969559172,24.746779412731758,Tumor,1
-140.98593408150788,44.14980812401052,Tumor,1
-73.88576041225042,32.04211461644569,Tumor,1
15.56489565910335,42.10138134985085,Tumor,0
9.401044937977554,48.80979071833909,Tumor,0
-78.43702381054106,64.66430803820809,Tumor,1
-63.09965828515012,-30.01575481120606,Tumor,1
